{
  "cfg": {
    "tasks": [
      "s5_chain_local_v2"
    ],
    "archs": [
      "fprm",
      "transformer",
      "gdp_hybrid"
    ],
    "seeds": [
      0,
      1,
      2
    ],
    "steps": 8000,
    "d_model": 320,
    "n_layers": 4,
    "train_n": 8000,
    "eval_n": 200,
    "chain_depth": 1
  },
  "summary": {
    "s5_chain_local_v2": {
      "fprm": {
        "4": {
          "mean": 0.13,
          "std": 0.01471960144387974,
          "n": 3,
          "p_converge": 0.0,
          "holder_acc": 0.13,
          "value_acc": 0.0
        },
        "8": {
          "mean": 0.12333333333333334,
          "std": 0.006236095644623235,
          "n": 3,
          "p_converge": 0.0,
          "holder_acc": 0.12333333333333334,
          "value_acc": 0.0
        }
      },
      "transformer": {
        "4": {
          "mean": 0.16,
          "std": 0.01224744871391589,
          "n": 3,
          "p_converge": 0.0,
          "holder_acc": 0.16,
          "value_acc": 0.0
        },
        "8": {
          "mean": 0.14666666666666667,
          "std": 0.037043517951488115,
          "n": 3,
          "p_converge": 0.0,
          "holder_acc": 0.14666666666666667,
          "value_acc": 0.0
        }
      },
      "gdp_hybrid": {
        "4": {
          "mean": 0.155,
          "std": 0.029439202887759492,
          "n": 3,
          "p_converge": 0.0,
          "holder_acc": 0.155,
          "value_acc": 0.0
        },
        "8": {
          "mean": 0.16833333333333333,
          "std": 0.040892813821284325,
          "n": 3,
          "p_converge": 0.0,
          "holder_acc": 0.16833333333333333,
          "value_acc": 0.0
        }
      }
    }
  },
  "runs": [
    {
      "task": "s5_chain_local_v2",
      "arch": "fprm",
      "seed": 0,
      "tasks": [
        "s5_chain_local_v2"
      ],
      "archs": [
        "fprm",
        "transformer",
        "gdp_hybrid"
      ],
      "seeds": [
        0,
        1,
        2
      ],
      "steps": 8000,
      "d_model": 320,
      "n_layers": 4,
      "train_n": 8000,
      "eval_n": 200,
      "chain_depth": 1,
      "lengths": {
        "4": {
          "overall": 0.15,
          "prefix": {
            "0": 0.85,
            "1": 0.15,
            "2": 0.0
          },
          "holder_acc": 0.15,
          "value_acc": 0.0
        },
        "8": {
          "overall": 0.115,
          "prefix": {
            "0": 0.885,
            "1": 0.115,
            "2": 0.0
          },
          "holder_acc": 0.115,
          "value_acc": 0.0
        }
      },
      "final_loss": 0.2873736321926117
    },
    {
      "task": "s5_chain_local_v2",
      "arch": "fprm",
      "seed": 1,
      "tasks": [
        "s5_chain_local_v2"
      ],
      "archs": [
        "fprm",
        "transformer",
        "gdp_hybrid"
      ],
      "seeds": [
        0,
        1,
        2
      ],
      "steps": 8000,
      "d_model": 320,
      "n_layers": 4,
      "train_n": 8000,
      "eval_n": 200,
      "chain_depth": 1,
      "lengths": {
        "4": {
          "overall": 0.125,
          "prefix": {
            "0": 0.875,
            "1": 0.125,
            "2": 0.0
          },
          "holder_acc": 0.125,
          "value_acc": 0.0
        },
        "8": {
          "overall": 0.125,
          "prefix": {
            "0": 0.875,
            "1": 0.125,
            "2": 0.0
          },
          "holder_acc": 0.125,
          "value_acc": 0.0
        }
      },
      "final_loss": 0.2678213119506836
    },
    {
      "task": "s5_chain_local_v2",
      "arch": "fprm",
      "seed": 2,
      "tasks": [
        "s5_chain_local_v2"
      ],
      "archs": [
        "fprm",
        "transformer",
        "gdp_hybrid"
      ],
      "seeds": [
        0,
        1,
        2
      ],
      "steps": 8000,
      "d_model": 320,
      "n_layers": 4,
      "train_n": 8000,
      "eval_n": 200,
      "chain_depth": 1,
      "lengths": {
        "4": {
          "overall": 0.115,
          "prefix": {
            "0": 0.885,
            "1": 0.115,
            "2": 0.0
          },
          "holder_acc": 0.115,
          "value_acc": 0.0
        },
        "8": {
          "overall": 0.13,
          "prefix": {
            "0": 0.87,
            "1": 0.13,
            "2": 0.0
          },
          "holder_acc": 0.13,
          "value_acc": 0.0
        }
      },
      "final_loss": 0.2862895131111145
    },
    {
      "task": "s5_chain_local_v2",
      "arch": "transformer",
      "seed": 0,
      "tasks": [
        "s5_chain_local_v2"
      ],
      "archs": [
        "fprm",
        "transformer",
        "gdp_hybrid"
      ],
      "seeds": [
        0,
        1,
        2
      ],
      "steps": 8000,
      "d_model": 320,
      "n_layers": 4,
      "train_n": 8000,
      "eval_n": 200,
      "chain_depth": 1,
      "lengths": {
        "4": {
          "overall": 0.175,
          "prefix": {
            "0": 0.825,
            "1": 0.175,
            "2": 0.0
          },
          "holder_acc": 0.175,
          "value_acc": 0.0
        },
        "8": {
          "overall": 0.14,
          "prefix": {
            "0": 0.86,
            "1": 0.14,
            "2": 0.0
          },
          "holder_acc": 0.14,
          "value_acc": 0.0
        }
      },
      "final_loss": 0.34698352217674255
    },
    {
      "task": "s5_chain_local_v2",
      "arch": "transformer",
      "seed": 1,
      "tasks": [
        "s5_chain_local_v2"
      ],
      "archs": [
        "fprm",
        "transformer",
        "gdp_hybrid"
      ],
      "seeds": [
        0,
        1,
        2
      ],
      "steps": 8000,
      "d_model": 320,
      "n_layers": 4,
      "train_n": 8000,
      "eval_n": 200,
      "chain_depth": 1,
      "lengths": {
        "4": {
          "overall": 0.16,
          "prefix": {
            "0": 0.84,
            "1": 0.16,
            "2": 0.0
          },
          "holder_acc": 0.16,
          "value_acc": 0.0
        },
        "8": {
          "overall": 0.105,
          "prefix": {
            "0": 0.895,
            "1": 0.105,
            "2": 0.0
          },
          "holder_acc": 0.105,
          "value_acc": 0.0
        }
      },
      "final_loss": 0.3657218813896179
    },
    {
      "task": "s5_chain_local_v2",
      "arch": "transformer",
      "seed": 2,
      "tasks": [
        "s5_chain_local_v2"
      ],
      "archs": [
        "fprm",
        "transformer",
        "gdp_hybrid"
      ],
      "seeds": [
        0,
        1,
        2
      ],
      "steps": 8000,
      "d_model": 320,
      "n_layers": 4,
      "train_n": 8000,
      "eval_n": 200,
      "chain_depth": 1,
      "lengths": {
        "4": {
          "overall": 0.145,
          "prefix": {
            "0": 0.855,
            "1": 0.145,
            "2": 0.0
          },
          "holder_acc": 0.145,
          "value_acc": 0.0
        },
        "8": {
          "overall": 0.195,
          "prefix": {
            "0": 0.805,
            "1": 0.195,
            "2": 0.0
          },
          "holder_acc": 0.195,
          "value_acc": 0.0
        }
      },
      "final_loss": 0.3904074728488922
    },
    {
      "task": "s5_chain_local_v2",
      "arch": "gdp_hybrid",
      "seed": 0,
      "tasks": [
        "s5_chain_local_v2"
      ],
      "archs": [
        "fprm",
        "transformer",
        "gdp_hybrid"
      ],
      "seeds": [
        0,
        1,
        2
      ],
      "steps": 8000,
      "d_model": 320,
      "n_layers": 4,
      "train_n": 8000,
      "eval_n": 200,
      "chain_depth": 1,
      "lengths": {
        "4": {
          "overall": 0.145,
          "prefix": {
            "0": 0.855,
            "1": 0.145,
            "2": 0.0
          },
          "holder_acc": 0.145,
          "value_acc": 0.0
        },
        "8": {
          "overall": 0.15,
          "prefix": {
            "0": 0.85,
            "1": 0.15,
            "2": 0.0
          },