{
  "cfg": {
    "tasks": [
      "s5_chain_local_v2"
    ],
    "archs": [
      "gdp_hybrid",
      "fprm"
    ],
    "seeds": [
      0,
      1,
      2
    ],
    "steps": 8000,
    "d_model": 320,
    "n_layers": 4,
    "train_n": 8000,
    "eval_n": 200,
    "chain_depth": 1,
    "k": 4,
    "interleaved": true,
    "compact_events": true
  },
  "summary": {
    "s5_chain_local_v2": {
      "gdp_hybrid": {
        "4": {
          "mean": 0.24166666666666667,
          "std": 0.02013840995599096,
          "n": 3,
          "p_converge": 0.0,
          "holder_acc": 0.24166666666666667,
          "value_acc": 0.0
        },
        "8": {
          "mean": 0.2583333333333333,
          "std": 0.0432691832858239,
          "n": 3,
          "p_converge": 0.0,
          "holder_acc": 0.2583333333333333,
          "value_acc": 0.0
        }
      },
      "fprm": {
        "4": {
          "mean": 0.25166666666666665,
          "std": 0.023921166824012192,
          "n": 3,
          "p_converge": 0.0,
          "holder_acc": 0.25166666666666665,
          "value_acc": 0.0
        },
        "8": {
          "mean": 0.29833333333333334,
          "std": 0.054822947344661754,
          "n": 3,
          "p_converge": 0.0,
          "holder_acc": 0.29833333333333334,
          "value_acc": 0.0
        }
      }
    }
  },
  "runs": [
    {
      "task": "s5_chain_local_v2",
      "arch": "gdp_hybrid",
      "seed": 0,
      "tasks": [
        "s5_chain_local_v2"
      ],
      "archs": [
        "gdp_hybrid",
        "fprm"
      ],
      "seeds": [
        0,
        1,
        2
      ],
      "steps": 8000,
      "d_model": 320,
      "n_layers": 4,
      "train_n": 8000,
      "eval_n": 200,
      "chain_depth": 1,
      "k": 4,
      "interleaved": true,
      "compact_events": true,
      "lengths": {
        "4": {
          "overall": 0.225,
          "prefix": {
            "0": 0.775,
            "1": 0.225,
            "2": 0.0
          },
          "holder_acc": 0.225,
          "value_acc": 0.0
        },
        "8": {
          "overall": 0.21,
          "prefix": {
            "0": 0.79,
            "1": 0.21,
            "2": 0.0
          },
          "holder_acc": 0.21,
          "value_acc": 0.0
        }
      },
      "final_loss": 0.2302035391330719
    },
    {
      "task": "s5_chain_local_v2",
      "arch": "gdp_hybrid",
      "seed": 1,
      "tasks": [
        "s5_chain_local_v2"
      ],
      "archs": [
        "gdp_hybrid",
        "fprm"
      ],
      "seeds": [
        0,
        1,
        2
      ],
      "steps": 8000,
      "d_model": 320,
      "n_layers": 4,
      "train_n": 8000,
      "eval_n": 200,
      "chain_depth": 1,
      "k": 4,
      "interleaved": true,
      "compact_events": true,
      "lengths": {
        "4": {
          "overall": 0.27,
          "prefix": {
            "0": 0.73,
            "1": 0.27,
            "2": 0.0
          },
          "holder_acc": 0.27,
          "value_acc": 0.0
        },
        "8": {
          "overall": 0.315,
          "prefix": {
            "0": 0.685,
            "1": 0.315,
            "2": 0.0
          },
          "holder_acc": 0.315,
          "value_acc": 0.0
        }
      },
      "final_loss": 0.21854159235954285
    },
    {
      "task": "s5_chain_local_v2",
      "arch": "gdp_hybrid",
      "seed": 2,
      "tasks": [
        "s5_chain_local_v2"
      ],
      "archs": [
        "gdp_hybrid",
        "fprm"
      ],
      "seeds": [
        0,
        1,
        2
      ],
      "steps": 8000,
      "d_model": 320,
      "n_layers": 4,
      "train_n": 8000,
      "eval_n": 200,
      "chain_depth": 1,
      "k": 4,
      "interleaved": true,
      "compact_events": true,
      "lengths": {
        "4": {
          "overall": 0.23,
          "prefix": {
            "0": 0.77,
            "1": 0.23,
            "2": 0.0
          },
          "holder_acc": 0.23,
          "value_acc": 0.0
        },
        "8": {
          "overall": 0.25,
          "prefix": {
            "0": 0.75,
            "1": 0.25,
            "2": 0.0
          },
          "holder_acc": 0.25,
          "value_acc": 0.0
        }
      },
      "final_loss": 0.2795109152793884
    },
    {
      "task": "s5_chain_local_v2",
      "arch": "fprm",
      "seed": 0,
      "tasks": [
        "s5_chain_local_v2"
      ],
      "archs": [
        "gdp_hybrid",
        "fprm"
      ],
      "seeds": [
        0,
        1,
        2
      ],
      "steps": 8000,
      "d_model": 320,
      "n_layers": 4,
      "train_n": 8000,
      "eval_n": 200,
      "chain_depth": 1,
      "k": 4,
      "interleaved": true,
      "compact_events": true,
      "lengths": {
        "4": {
          "overall": 0.285,
          "prefix": {
            "0": 0.715,
            "1": 0.285,
            "2": 0.0
          },
          "holder_acc": 0.285,
          "value_acc": 0.0
        },
        "8": {
          "overall": 0.375,
          "prefix": {
            "0": 0.625,
            "1": 0.375,
            "2": 0.0
          },
          "holder_acc": 0.375,
          "value_acc": 0.0
        }
      },
      "final_loss": 0.4298844039440155
    },
    {
      "task": "s5_chain_local_v2",
      "arch": "fprm",
      "seed": 1,
      "tasks": [
        "s5_chain_local_v2"
      ],
      "archs": [
        "gdp_hybrid",
        "fprm"
      ],
      "seeds": [
        0,
        1,
        2
      ],
      "steps": 8000,
      "d_model": 320,
      "n_layers": 4,
      "train_n": 8000,
      "eval_n": 200,
      "chain_depth": 1,
      "k": 4,
      "interleaved": true,
      "compact_events": true,
      "lengths": {
        "4": {
          "overall": 0.23,
          "prefix": {
            "0": 0.77,
            "1": 0.23,
            "2": 0.0
          },
          "holder_acc": 0.23,
          "value_acc": 0.0
        },
        "8": {
          "overall": 0.27,
          "prefix": {
            "0": 0.73,
            "1": 0.27,
            "2": 0.0
          },
          "holder_acc": 0.27,
          "value_acc": 0.0
        }
      },
      "final_loss": 0.4367654025554657
    },
    {
      "task": "s5_chain_local_v2",
      "arch": "fprm",
      "seed": 2,
      "tasks": [
        "s5_chain_local_v2"
      ],
      "archs": [
        "gdp_hybrid",
        "fprm"
      ],
      "seeds": [
        0,
        1,
        2
      ],
      "steps": 8000,
      "d_model": 320,
      "n_layers": 4,
      "train_n": 8000,
      "eval_n": 200,
      "chain_depth": 1,
      "k": 4,
      "interleaved": true,
      "compact_events": true,
      "lengths": {
        "4": {
          "overall": 0.24,
          "prefix": {
            "0": 0.76,
            "1": 0.24,
            "2": 0.0
          },
          "holder_acc": 0.24,
          "value_acc": 0.0
        },
        "8": {
          "overall": 0.25,
          "prefix": {
            "0": 0.75,
            "1": 0.25,
            "2": 0.0
          },
          "holder_acc": 0.25,
          "value_acc": 0.0
        }
      },
      "final_loss": 0.4324541389942169
    }
  ]
}