{
  "cfg": {
    "tasks": [
      "s5_chain_local_v2"
    ],
    "archs": [
      "gdp_hybrid",
      "fprm"
    ],
    "seeds": [
      0,
      1,
      2
    ],
    "steps": 8000,
    "d_model": 320,
    "n_layers": 4,
    "train_n": 8000,
    "eval_n": 200,
    "chain_depth": 1,
    "k": 4
  },
  "summary": {
    "s5_chain_local_v2": {
      "gdp_hybrid": {
        "4": {
          "mean": 0.3283333333333333,
          "std": 0.011785113019775776,
          "n": 3,
          "p_converge": 0.0,
          "holder_acc": 0.3283333333333333,
          "value_acc": 0.0
        },
        "8": {
          "mean": 0.3466666666666667,
          "std": 0.008498365855987957,
          "n": 3,
          "p_converge": 0.0,
          "holder_acc": 0.3466666666666667,
          "value_acc": 0.0
        }
      },
      "fprm": {
        "4": {
          "mean": 0.39166666666666666,
          "std": 0.035197853469904804,
          "n": 3,
          "p_converge": 0.0,
          "holder_acc": 0.39166666666666666,
          "value_acc": 0.0
        },
        "8": {
          "mean": 0.31833333333333336,
          "std": 0.016499158227686123,
          "n": 3,
          "p_converge": 0.0,
          "holder_acc": 0.31833333333333336,
          "value_acc": 0.0
        }
      }
    }
  },
  "runs": [
    {
      "task": "s5_chain_local_v2",
      "arch": "gdp_hybrid",
      "seed": 0,
      "tasks": [
        "s5_chain_local_v2"
      ],
      "archs": [
        "gdp_hybrid",
        "fprm"
      ],
      "seeds": [
        0,
        1,
        2
      ],
      "steps": 8000,
      "d_model": 320,
      "n_layers": 4,
      "train_n": 8000,
      "eval_n": 200,
      "chain_depth": 1,
      "k": 4,
      "lengths": {
        "4": {
          "overall": 0.32,
          "prefix": {
            "0": 0.68,
            "1": 0.32,
            "2": 0.0
          },
          "holder_acc": 0.32,
          "value_acc": 0.0
        },
        "8": {
          "overall": 0.335,
          "prefix": {
            "0": 0.665,
            "1": 0.335,
            "2": 0.0
          },
          "holder_acc": 0.335,
          "value_acc": 0.0
        }
      },
      "final_loss": 0.21384747326374054
    },
    {
      "task": "s5_chain_local_v2",
      "arch": "gdp_hybrid",
      "seed": 1,
      "tasks": [
        "s5_chain_local_v2"
      ],
      "archs": [
        "gdp_hybrid",
        "fprm"
      ],
      "seeds": [
        0,
        1,
        2
      ],
      "steps": 8000,
      "d_model": 320,
      "n_layers": 4,
      "train_n": 8000,
      "eval_n": 200,
      "chain_depth": 1,
      "k": 4,
      "lengths": {
        "4": {
          "overall": 0.32,
          "prefix": {
            "0": 0.68,
            "1": 0.32,
            "2": 0.0
          },
          "holder_acc": 0.32,
          "value_acc": 0.0
        },
        "8": {
          "overall": 0.355,
          "prefix": {
            "0": 0.645,
            "1": 0.355,
            "2": 0.0
          },
          "holder_acc": 0.355,
          "value_acc": 0.0
        }
      },
      "final_loss": 0.1796741783618927
    },
    {
      "task": "s5_chain_local_v2",
      "arch": "gdp_hybrid",
      "seed": 2,
      "tasks": [
        "s5_chain_local_v2"
      ],
      "archs": [
        "gdp_hybrid",
        "fprm"
      ],
      "seeds": [
        0,
        1,
        2
      ],
      "steps": 8000,
      "d_model": 320,
      "n_layers": 4,
      "train_n": 8000,
      "eval_n": 200,
      "chain_depth": 1,
      "k": 4,
      "lengths": {
        "4": {
          "overall": 0.345,
          "prefix": {
            "0": 0.655,
            "1": 0.345,
            "2": 0.0
          },
          "holder_acc": 0.345,
          "value_acc": 0.0
        },
        "8": {
          "overall": 0.35,
          "prefix": {
            "0": 0.65,
            "1": 0.35,
            "2": 0.0
          },
          "holder_acc": 0.35,
          "value_acc": 0.0
        }
      },
      "final_loss": 0.21865583956241608
    },
    {
      "task": "s5_chain_local_v2",
      "arch": "fprm",
      "seed": 0,
      "tasks": [
        "s5_chain_local_v2"
      ],
      "archs": [
        "gdp_hybrid",
        "fprm"
      ],
      "seeds": [
        0,
        1,
        2
      ],
      "steps": 8000,
      "d_model": 320,
      "n_layers": 4,
      "train_n": 8000,
      "eval_n": 200,
      "chain_depth": 1,
      "k": 4,
      "lengths": {
        "4": {
          "overall": 0.4,
          "prefix": {
            "0": 0.6,
            "1": 0.4,
            "2": 0.0
          },
          "holder_acc": 0.4,
          "value_acc": 0.0
        },
        "8": {
          "overall": 0.315,
          "prefix": {
            "0": 0.685,
            "1": 0.315,
            "2": 0.0
          },
          "holder_acc": 0.315,
          "value_acc": 0.0
        }
      },
      "final_loss": 0.2883028984069824
    },
    {
      "task": "s5_chain_local_v2",
      "arch": "fprm",
      "seed": 1,
      "tasks": [
        "s5_chain_local_v2"
      ],
      "archs": [
        "gdp_hybrid",
        "fprm"
      ],
      "seeds": [
        0,
        1,
        2
      ],
      "steps": 8000,
      "d_model": 320,
      "n_layers": 4,
      "train_n": 8000,
      "eval_n": 200,
      "chain_depth": 1,
      "k": 4,
      "lengths": {
        "4": {
          "overall": 0.43,
          "prefix": {
            "0": 0.57,
            "1": 0.43,
            "2": 0.0
          },
          "holder_acc": 0.43,
          "value_acc": 0.0
        },
        "8": {
          "overall": 0.34,
          "prefix": {
            "0": 0.66,
            "1": 0.34,
            "2": 0.0
          },
          "holder_acc": 0.34,
          "value_acc": 0.0
        }
      },
      "final_loss": 0.2480533868074417
    },
    {
      "task": "s5_chain_local_v2",
      "arch": "fprm",
      "seed": 2,
      "tasks": [
        "s5_chain_local_v2"
      ],
      "archs": [
        "gdp_hybrid",
        "fprm"
      ],
      "seeds": [
        0,
        1,
        2
      ],
      "steps": 8000,
      "d_model": 320,
      "n_layers": 4,
      "train_n": 8000,
      "eval_n": 200,
      "chain_depth": 1,
      "k": 4,
      "lengths": {
        "4": {
          "overall": 0.345,
          "prefix": {
            "0": 0.655,
            "1": 0.345,
            "2": 0.0
          },
          "holder_acc": 0.345,
          "value_acc": 0.0
        },
        "8": {
          "overall": 0.3,
          "prefix": {
            "0": 0.7,
            "1": 0.3,
            "2": 0.0
          },
          "holder_acc": 0.3,
          "value_acc": 0.0
        }
      },
      "final_loss": 0.255945086479187
    }
  ]
}