{
  "cfg": {
    "tasks": [
      "chain_v2"
    ],
    "archs": [
      "fprm",
      "transformer",
      "gdp_hybrid"
    ],
    "seeds": [
      0,
      1,
      2
    ],
    "steps": 8000,
    "d_model": 320,
    "n_layers": 4,
    "train_n": 8000,
    "eval_n": 200
  },
  "summary": {
    "chain_v2": {
      "fprm": {
        "4": {
          "mean": 0.21,
          "std": 0.033416562759605695,
          "n": 3,
          "p_converge": 0.0,
          "holder_acc": 0.21,
          "value_acc": 0.0
        },
        "5": {
          "mean": 0.155,
          "std": 0.025495097567963924,
          "n": 3,
          "p_converge": 0.0,
          "holder_acc": 0.155,
          "value_acc": 0.0
        }
      },
      "transformer": {
        "4": {
          "mean": 0.16333333333333333,
          "std": 0.11728408057172787,
          "n": 3,
          "p_converge": 0.0,
          "holder_acc": 0.16333333333333333,
          "value_acc": 0.0
        },
        "5": {
          "mean": 0.08833333333333333,
          "std": 0.06786424357167445,
          "n": 3,
          "p_converge": 0.0,
          "holder_acc": 0.08833333333333333,
          "value_acc": 0.0
        }
      },
      "gdp_hybrid": {
        "4": {
          "mean": 0.013333333333333334,
          "std": 0.008498365855987976,
          "n": 3,
          "p_converge": 0.0,
          "holder_acc": 0.013333333333333334,
          "value_acc": 0.0
        },
        "5": {
          "mean": 0.0016666666666666668,
          "std": 0.0023570226039551583,
          "n": 3,
          "p_converge": 0.0,
          "holder_acc": 0.0016666666666666668,
          "value_acc": 0.0
        }
      }
    }
  },
  "runs": [
    {
      "task": "chain_v2",
      "arch": "fprm",
      "seed": 0,
      "tasks": [
        "chain_v2"
      ],
      "archs": [
        "fprm",
        "transformer",
        "gdp_hybrid"
      ],
      "seeds": [
        0,
        1,
        2
      ],
      "steps": 8000,
      "d_model": 320,
      "n_layers": 4,
      "train_n": 8000,
      "eval_n": 200,
      "lengths": {
        "4": {
          "overall": 0.245,
          "prefix": {
            "0": 0.755,
            "1": 0.245,
            "2": 0.0
          },
          "holder_acc": 0.245,
          "value_acc": 0.0
        },
        "5": {
          "overall": 0.18,
          "prefix": {
            "0": 0.82,
            "1": 0.18,
            "2": 0.0
          },
          "holder_acc": 0.18,
          "value_acc": 0.0
        }
      },
      "final_loss": 0.36513254046440125
    },
    {
      "task": "chain_v2",
      "arch": "fprm",
      "seed": 1,
      "tasks": [
        "chain_v2"
      ],
      "archs": [
        "fprm",
        "transformer",
        "gdp_hybrid"
      ],
      "seeds": [
        0,
        1,
        2
      ],
      "steps": 8000,
      "d_model": 320,
      "n_layers": 4,
      "train_n": 8000,
      "eval_n": 200,
      "lengths": {
        "4": {
          "overall": 0.22,
          "prefix": {
            "0": 0.78,
            "1": 0.22,
            "2": 0.0
          },
          "holder_acc": 0.22,
          "value_acc": 0.0
        },
        "5": {
          "overall": 0.12,
          "prefix": {
            "0": 0.88,
            "1": 0.12,
            "2": 0.0
          },
          "holder_acc": 0.12,
          "value_acc": 0.0
        }
      },
      "final_loss": 0.3615344762802124
    },
    {
      "task": "chain_v2",
      "arch": "fprm",
      "seed": 2,
      "tasks": [
        "chain_v2"
      ],
      "archs": [
        "fprm",
        "transformer",
        "gdp_hybrid"
      ],
      "seeds": [
        0,
        1,
        2
      ],
      "steps": 8000,
      "d_model": 320,
      "n_layers": 4,
      "train_n": 8000,
      "eval_n": 200,
      "lengths": {
        "4": {
          "overall": 0.165,
          "prefix": {
            "0": 0.835,
            "1": 0.165,
            "2": 0.0
          },
          "holder_acc": 0.165,
          "value_acc": 0.0
        },
        "5": {
          "overall": 0.165,
          "prefix": {
            "0": 0.835,
            "1": 0.165,
            "2": 0.0
          },
          "holder_acc": 0.165,
          "value_acc": 0.0
        }
      },
      "final_loss": 0.37205976247787476
    },
    {
      "task": "chain_v2",
      "arch": "transformer",
      "seed": 0,
      "tasks": [
        "chain_v2"
      ],
      "archs": [
        "fprm",
        "transformer",
        "gdp_hybrid"
      ],
      "seeds": [
        0,
        1,
        2
      ],
      "steps": 8000,
      "d_model": 320,
      "n_layers": 4,
      "train_n": 8000,
      "eval_n": 200,
      "lengths": {
        "4": {
          "overall": 0.0,
          "prefix": {
            "0": 1.0,
            "1": 0.0,
            "2": 0.0
          },
          "holder_acc": 0.0,
          "value_acc": 0.0
        },
        "5": {
          "overall": 0.0,
          "prefix": {
            "0": 1.0,
            "1": 0.0,
            "2": 0.0
          },
          "holder_acc": 0.0,
          "value_acc": 0.0
        }
      },
      "final_loss": 0.3641669452190399
    },
    {
      "task": "chain_v2",
      "arch": "transformer",
      "seed": 1,
      "tasks": [
        "chain_v2"
      ],
      "archs": [
        "fprm",
        "transformer",
        "gdp_hybrid"
      ],
      "seeds": [
        0,
        1,
        2
      ],
      "steps": 8000,
      "d_model": 320,
      "n_layers": 4,
      "train_n": 8000,
      "eval_n": 200,
      "lengths": {
        "4": {
          "overall": 0.22,
          "prefix": {
            "0": 0.78,
            "1": 0.22,
            "2": 0.0
          },
          "holder_acc": 0.22,
          "value_acc": 0.0
        },
        "5": {
          "overall": 0.165,
          "prefix": {
            "0": 0.835,
            "1": 0.165,
            "2": 0.0
          },
          "holder_acc": 0.165,
          "value_acc": 0.0
        }
      },
      "final_loss": 0.3917703926563263
    },
    {
      "task": "chain_v2",
      "arch": "transformer",
      "seed": 2,
      "tasks": [
        "chain_v2"
      ],
      "archs": [
        "fprm",
        "transformer",
        "gdp_hybrid"
      ],
      "seeds": [
        0,
        1,
        2
      ],
      "steps": 8000,
      "d_model": 320,
      "n_layers": 4,
      "train_n": 8000,
      "eval_n": 200,
      "lengths": {
        "4": {
          "overall": 0.27,
          "prefix": {
            "0": 0.73,
            "1": 0.27,
            "2": 0.0
          },
          "holder_acc": 0.27,
          "value_acc": 0.0
        },
        "5": {
          "overall": 0.1,
          "prefix": {
            "0": 0.9,
            "1": 0.1,
            "2": 0.0
          },
          "holder_acc": 0.1,
          "value_acc": 0.0
        }
      },
      "final_loss": 0.386657178401947
    },
    {
      "task": "chain_v2",
      "arch": "gdp_hybrid",
      "seed": 0,
      "tasks": [
        "chain_v2"
      ],
      "archs": [
        "fprm",
        "transformer",
        "gdp_hybrid"
      ],
      "seeds": [
        0,
        1,
        2
      ],
      "steps": 8000,
      "d_model": 320,
      "n_layers": 4,
      "train_n": 8000,
      "eval_n": 200,
      "lengths": {
        "4": {
          "overall": 0.005,
          "prefix": {
            "0": 0.995,
            "1": 0.005,
            "2": 0.0
          },
          "holder_acc": 0.005,
          "value_acc": 0.0
        },
        "5": {
          "overall": 0.0,
          "prefix": {
            "0": 1.0,
            "1": 0.0,
            "2": 0.0
          },
          "holder_acc": 0.0,
          "value_acc": 0.0
        }
      },
      "final_loss": 0.23017618060112
    },
    {
      "task": "chain_v2",
      "arch": "gdp_hybrid",
      "seed": 1,
      "tasks": [
        "chain_v2"
      ],
      "archs": [
        "fprm",
        "transformer",
        "gdp_hybrid"
      ],