{
  "cfg": {
    "tasks": [
      "s5_chain_local_v2"
    ],
    "archs": [
      "gdp_hybrid",
      "fprm"
    ],
    "seeds": [
      0,
      1,
      2
    ],
    "steps": 8000,
    "d_model": 320,
    "n_layers": 4,
    "train_n": 8000,
    "eval_n": 200,
    "chain_depth": 2,
    "k": 4
  },
  "summary": {
    "s5_chain_local_v2": {
      "gdp_hybrid": {
        "4": {
          "mean": 0.325,
          "std": 0.008164965809277268,
          "n": 3,
          "p_converge": 0.0,
          "holder_acc": 0.325,
          "value_acc": 0.0
        },
        "8": {
          "mean": 0.31166666666666665,
          "std": 0.028674417556808735,
          "n": 3,
          "p_converge": 0.0,
          "holder_acc": 0.31166666666666665,
          "value_acc": 0.0
        }
      },
      "fprm": {
        "4": {
          "mean": 0.38166666666666665,
          "std": 0.023921166824012203,
          "n": 3,
          "p_converge": 0.0,
          "holder_acc": 0.38166666666666665,
          "value_acc": 0.0
        },
        "8": {
          "mean": 0.32166666666666666,
          "std": 0.004714045207910321,
          "n": 3,
          "p_converge": 0.0,
          "holder_acc": 0.32166666666666666,
          "value_acc": 0.0
        }
      }
    }
  },
  "runs": [
    {
      "task": "s5_chain_local_v2",
      "arch": "gdp_hybrid",
      "seed": 0,
      "tasks": [
        "s5_chain_local_v2"
      ],
      "archs": [
        "gdp_hybrid",
        "fprm"
      ],
      "seeds": [
        0,
        1,
        2
      ],
      "steps": 8000,
      "d_model": 320,
      "n_layers": 4,
      "train_n": 8000,
      "eval_n": 200,
      "chain_depth": 2,
      "k": 4,
      "lengths": {
        "4": {
          "overall": 0.315,
          "prefix": {
            "0": 0.685,
            "1": 0.315,
            "2": 0.0
          },
          "holder_acc": 0.315,
          "value_acc": 0.0
        },
        "8": {
          "overall": 0.275,
          "prefix": {
            "0": 0.725,
            "1": 0.275,
            "2": 0.0
          },
          "holder_acc": 0.275,
          "value_acc": 0.0
        }
      },
      "final_loss": 0.22311125695705414
    },
    {
      "task": "s5_chain_local_v2",
      "arch": "gdp_hybrid",
      "seed": 1,
      "tasks": [
        "s5_chain_local_v2"
      ],
      "archs": [
        "gdp_hybrid",
        "fprm"
      ],
      "seeds": [
        0,
        1,
        2
      ],
      "steps": 8000,
      "d_model": 320,
      "n_layers": 4,
      "train_n": 8000,
      "eval_n": 200,
      "chain_depth": 2,
      "k": 4,
      "lengths": {
        "4": {
          "overall": 0.325,
          "prefix": {
            "0": 0.675,
            "1": 0.325,
            "2": 0.0
          },
          "holder_acc": 0.325,
          "value_acc": 0.0
        },
        "8": {
          "overall": 0.315,
          "prefix": {
            "0": 0.685,
            "1": 0.315,
            "2": 0.0
          },
          "holder_acc": 0.315,
          "value_acc": 0.0
        }
      },
      "final_loss": 0.17493091523647308
    },
    {
      "task": "s5_chain_local_v2",
      "arch": "gdp_hybrid",
      "seed": 2,
      "tasks": [
        "s5_chain_local_v2"
      ],
      "archs": [
        "gdp_hybrid",
        "fprm"
      ],
      "seeds": [
        0,
        1,
        2
      ],
      "steps": 8000,
      "d_model": 320,
      "n_layers": 4,
      "train_n": 8000,
      "eval_n": 200,
      "chain_depth": 2,
      "k": 4,
      "lengths": {
        "4": {
          "overall": 0.335,
          "prefix": {
            "0": 0.665,
            "1": 0.335,
            "2": 0.0
          },
          "holder_acc": 0.335,
          "value_acc": 0.0
        },
        "8": {
          "overall": 0.345,
          "prefix": {
            "0": 0.655,
            "1": 0.345,
            "2": 0.0
          },
          "holder_acc": 0.345,
          "value_acc": 0.0
        }
      },
      "final_loss": 0.20516860485076904
    },
    {
      "task": "s5_chain_local_v2",
      "arch": "fprm",
      "seed": 0,
      "tasks": [
        "s5_chain_local_v2"
      ],
      "archs": [
        "gdp_hybrid",
        "fprm"
      ],
      "seeds": [
        0,
        1,
        2
      ],
      "steps": 8000,
      "d_model": 320,
      "n_layers": 4,
      "train_n": 8000,
      "eval_n": 200,
      "chain_depth": 2,
      "k": 4,
      "lengths": {
        "4": {
          "overall": 0.36,
          "prefix": {
            "0": 0.64,
            "1": 0.36,
            "2": 0.0
          },
          "holder_acc": 0.36,
          "value_acc": 0.0
        },
        "8": {
          "overall": 0.325,
          "prefix": {
            "0": 0.675,
            "1": 0.325,
            "2": 0.0
          },
          "holder_acc": 0.325,
          "value_acc": 0.0
        }
      },
      "final_loss": 0.28120100498199463
    },
    {
      "task": "s5_chain_local_v2",
      "arch": "fprm",
      "seed": 1,
      "tasks": [
        "s5_chain_local_v2"
      ],
      "archs": [
        "gdp_hybrid",
        "fprm"
      ],
      "seeds": [
        0,
        1,
        2
      ],
      "steps": 8000,
      "d_model": 320,
      "n_layers": 4,
      "train_n": 8000,
      "eval_n": 200,
      "chain_depth": 2,
      "k": 4,
      "lengths": {
        "4": {
          "overall": 0.37,
          "prefix": {
            "0": 0.63,
            "1": 0.37,
            "2": 0.0
          },
          "holder_acc": 0.37,
          "value_acc": 0.0
        },
        "8": {
          "overall": 0.315,
          "prefix": {
            "0": 0.685,
            "1": 0.315,
            "2": 0.0
          },
          "holder_acc": 0.315,
          "value_acc": 0.0
        }
      },
      "final_loss": 0.25266632437705994
    },
    {
      "task": "s5_chain_local_v2",
      "arch": "fprm",
      "seed": 2,
      "tasks": [
        "s5_chain_local_v2"
      ],
      "archs": [
        "gdp_hybrid",
        "fprm"
      ],
      "seeds": [
        0,
        1,
        2
      ],
      "steps": 8000,
      "d_model": 320,
      "n_layers": 4,
      "train_n": 8000,
      "eval_n": 200,
      "chain_depth": 2,
      "k": 4,
      "lengths": {
        "4": {
          "overall": 0.415,
          "prefix": {
            "0": 0.585,
            "1": 0.415,
            "2": 0.0
          },
          "holder_acc": 0.415,
          "value_acc": 0.0
        },
        "8": {
          "overall": 0.325,
          "prefix": {
            "0": 0.675,
            "1": 0.325,
            "2": 0.0
          },
          "holder_acc": 0.325,
          "value_acc": 0.0
        }
      },
      "final_loss": 0.24971982836723328
    }
  ]
}